{
    "epochs_run": 10,
    "best_epoch": 10,
    "best_training_loss": 5.943332021807404,
    "best_validation_loss": 6.032978749115195,
    "final_training_loss": 5.943332021807404,
    "final_validation_loss": 6.032978749115195,
    "final_test_loss": 6.05155807310535
}